<?xml version="1.0" encoding="UTF-8"?>
<project-private xmlns="http://www.netbeans.org/ns/project-private/1">
    <editor-bookmarks xmlns="http://www.netbeans.org/ns/editor-bookmarks/2" lastBookmarkId="0"/>
    <open-files xmlns="http://www.netbeans.org/ns/projectui-open-files/2">
        <group>
            <file>file:/A:/Users/USER/Documents/NetBeansProjects/Practica6GomezAlejandro/src/practica6gomezalejandro/Practica6GomezAlejandro.java</file>
            <file>file:/A:/Users/USER/Documents/NetBeansProjects/Practica6GomezAlejandro/src/Polifase.java</file>
            <file>file:/A:/Users/USER/Documents/NetBeansProjects/Practica6GomezAlejandro/src/practica6gomezalejandro/WeightedGraph.java</file>
        </group>
    </open-files>
</project-private>
