<?xml version="1.0" encoding="UTF-8"?>
<project-private xmlns="http://www.netbeans.org/ns/project-private/1">
    <editor-bookmarks xmlns="http://www.netbeans.org/ns/editor-bookmarks/2" lastBookmarkId="0"/>
    <open-files xmlns="http://www.netbeans.org/ns/projectui-open-files/2">
        <group>
            <file>file:/Users/alex/Documents/Universidad/Tercer%20Semestre/EDA%20II/Gomez%20Luna%20Alejandro%20G5%20P3%20/Merge/src/MergeSort.java</file>
            <file>file:/Users/alex/Documents/Universidad/Tercer%20Semestre/EDA%20II/Gomez%20Luna%20Alejandro%20G5%20P3%20/Merge/src/Principal.java</file>
        </group>
    </open-files>
</project-private>
