<?xml version="1.0" encoding="UTF-8"?>
<project-private xmlns="http://www.netbeans.org/ns/project-private/1">
    <editor-bookmarks xmlns="http://www.netbeans.org/ns/editor-bookmarks/2" lastBookmarkId="0"/>
    <open-files xmlns="http://www.netbeans.org/ns/projectui-open-files/2">
        <group>
            <file>file:/Users/alex/Documents/Universidad/Tercer%20Semestre/EDA%20II/P5/Gomez%20Luna%20Alejandro%20G5%20P5%20V1/Practica5GomezAlejandro/src/practica5gomezalejandro/Practica5GomezAlejandro.java</file>
            <file>file:/Users/alex/Documents/Universidad/Tercer%20Semestre/EDA%20II/P5/Gomez%20Luna%20Alejandro%20G5%20P5%20V1/Practica5GomezAlejandro/src/practica5gomezalejandro/TablasHash.java</file>
            <file>file:/Users/alex/Documents/Universidad/Tercer%20Semestre/EDA%20II/P5/Gomez%20Luna%20Alejandro%20G5%20P5%20V1/Practica5GomezAlejandro/src/practica5gomezalejandro/Encadenamiento.java</file>
            <file>file:/Users/alex/Documents/Universidad/Tercer%20Semestre/EDA%20II/P5/Gomez%20Luna%20Alejandro%20G5%20P5%20V1/Practica5GomezAlejandro/src/practica5gomezalejandro/HashModulo.java</file>
        </group>
    </open-files>
</project-private>
