<?xml version="1.0" encoding="UTF-8"?>
<project-private xmlns="http://www.netbeans.org/ns/project-private/1">
    <editor-bookmarks xmlns="http://www.netbeans.org/ns/editor-bookmarks/2" lastBookmarkId="0"/>
    <open-files xmlns="http://www.netbeans.org/ns/projectui-open-files/2">
        <group>
            <file>file:/Users/edaII05alu16/Desktop/Practica7/src/practica7/Practica7.java</file>
            <file>file:/Users/edaII05alu16/Desktop/Practica7/src/practica7/WeightedGraph.java</file>
            <file>file:/Users/edaII05alu16/Desktop/Practica7/src/practica7/Principal.java</file>
        </group>
    </open-files>
</project-private>
