<?xml version="1.0" encoding="UTF-8"?>
<project-private xmlns="http://www.netbeans.org/ns/project-private/1">
    <editor-bookmarks xmlns="http://www.netbeans.org/ns/editor-bookmarks/2" lastBookmarkId="0"/>
    <open-files xmlns="http://www.netbeans.org/ns/projectui-open-files/2">
        <group>
            <file>file:/Users/alex/Documents/Universidad/Tercer%20Semestre/EDA%20II/P4/Practica4_GomezAlejandro/src/practica4_gomezalejandro/Pais.java</file>
            <file>file:/Users/alex/Documents/Universidad/Tercer%20Semestre/EDA%20II/P4/Practica4_GomezAlejandro/src/practica4_gomezalejandro/Practica4_GomezAlejandro.java</file>
        </group>
    </open-files>
</project-private>
